<?xml version='1.1' encoding='UTF-8'?>
<Tag plugin="workflow-support@2.22">
  <node class="cps.n.StepStartNode" plugin="workflow-cps@2.61">
    <parentIds>
      <string>9</string>
    </parentIds>
    <id>10</id>
    <descriptorId>org.jenkinsci.plugins.workflow.steps.EnvStep</descriptorId>
  </node>
  <actions>
    <cps.a.ArgumentsActionImpl plugin="workflow-cps@2.61">
      <arguments>
        <entry>
          <string>overrides</string>
          <list>
            <string>GIT_BRANCH=origin/master</string>
            <string>GIT_COMMIT=520640b5474740be16de12868c3f8fe652e58ba4</string>
            <string>GIT_PREVIOUS_COMMIT=8a896a516b8121520f2d92061ea17f1d8257b6e0</string>
            <string>GIT_PREVIOUS_SUCCESSFUL_COMMIT=b62461925b6aa1a2575f9c10356d9d85faaaacab</string>
            <string>GIT_URL=https://bitbucket.org/kkaruppusamy/java-maven-spring-restful-web-2.git</string>
          </list>
        </entry>
      </arguments>
      <isUnmodifiedBySanitization>true</isUnmodifiedBySanitization>
    </cps.a.ArgumentsActionImpl>
    <wf.a.TimingAction plugin="workflow-api@2.33">
      <startTime>1547537000356</startTime>
    </wf.a.TimingAction>
  </actions>
</Tag>