<?xml version='1.1' encoding='UTF-8'?>
<Tag plugin="workflow-support@2.22">
  <node class="cps.n.StepStartNode" plugin="workflow-cps@2.61">
    <parentIds>
      <string>19</string>
    </parentIds>
    <id>20</id>
    <descriptorId>org.jenkinsci.plugins.workflow.steps.EnvStep</descriptorId>
  </node>
  <actions>
    <cps.a.ArgumentsActionImpl plugin="workflow-cps@2.61">
      <arguments>
        <entry>
          <string>overrides</string>
          <list>
            <string>M2_HOME=/Users/kaleeswarankaruppusamy/Desktop/cia/maven/apache-maven-3.6.0</string>
            <string>MAVEN_HOME=/Users/kaleeswarankaruppusamy/Desktop/cia/maven/apache-maven-3.6.0</string>
            <string>PATH+MAVEN=/Users/kaleeswarankaruppusamy/Desktop/cia/maven/apache-maven-3.6.0/bin</string>
            <string>JAVA_HOME=/Library/Java/JavaVirtualMachines/jdk1.8.0_91.jdk/Contents/Home</string>
            <string>PATH+JDK=/Library/Java/JavaVirtualMachines/jdk1.8.0_91.jdk/Contents/Home/bin</string>
          </list>
        </entry>
      </arguments>
      <isUnmodifiedBySanitization>true</isUnmodifiedBySanitization>
    </cps.a.ArgumentsActionImpl>
    <wf.a.TimingAction plugin="workflow-api@2.33">
      <startTime>1547537000458</startTime>
    </wf.a.TimingAction>
  </actions>
</Tag>