<?xml version='1.1' encoding='UTF-8'?>
<Tag plugin="workflow-support@2.22">
  <node class="cps.n.StepAtomNode" plugin="workflow-cps@2.61">
    <parentIds>
      <string>31</string>
    </parentIds>
    <id>32</id>
    <descriptorId>org.jenkinsci.plugins.workflow.support.steps.input.InputStep</descriptorId>
  </node>
  <actions>
    <cps.a.ArgumentsActionImpl plugin="workflow-cps@2.61">
      <arguments>
        <entry>
          <string>message</string>
          <string>Deploy new build?</string>
        </entry>
        <entry>
          <string>parameters</string>
          <list>
            <linked-hash-map>
              <entry>
                <string>$class</string>
                <string>BooleanParameterDefinition</string>
              </entry>
              <entry>
                <string>defaultValue</string>
                <boolean>false</boolean>
              </entry>
              <entry>
                <string>description</string>
                <string>Deploy</string>
              </entry>
              <entry>
                <string>name</string>
                <string>confirm</string>
              </entry>
            </linked-hash-map>
          </list>
        </entry>
        <entry>
          <string>id</string>
          <string>confirm</string>
        </entry>
      </arguments>
      <isUnmodifiedBySanitization>true</isUnmodifiedBySanitization>
    </cps.a.ArgumentsActionImpl>
    <wf.a.TimingAction plugin="workflow-api@2.33">
      <startTime>1547537000554</startTime>
    </wf.a.TimingAction>
    <s.a.LogStorageAction/>
    <s.a.PauseAction>
      <cause>Input</cause>
      <startTime>1547537000561</startTime>
      <endTime>1547537049647</endTime>
    </s.a.PauseAction>
    <wf.a.ErrorAction plugin="workflow-api@2.33">
      <error class="org.jenkinsci.plugins.workflow.steps.FlowInterruptedException" plugin="workflow-step-api@2.17">
        <stackTrace>
          <trace>org.jenkinsci.plugins.workflow.support.steps.input.InputStepExecution.doAbort(InputStepExecution.java:228)</trace>
          <trace>org.jenkinsci.plugins.workflow.support.steps.input.InputStepExecution$1$1.run(InputStepExecution.java:100)</trace>
          <trace>hudson.security.ACL.impersonate(ACL.java:273)</trace>
          <trace>org.jenkinsci.plugins.workflow.support.steps.input.InputStepExecution$1.run(InputStepExecution.java:98)</trace>
          <trace>jenkins.security.ImpersonatingScheduledExecutorService$1.run(ImpersonatingScheduledExecutorService.java:58)</trace>
          <trace>java.util.concurrent.Executors$RunnableAdapter.call(Executors.java:511)</trace>
          <trace>java.util.concurrent.FutureTask.run(FutureTask.java:266)</trace>
          <trace>java.util.concurrent.ScheduledThreadPoolExecutor$ScheduledFutureTask.access$201(ScheduledThreadPoolExecutor.java:180)</trace>
          <trace>java.util.concurrent.ScheduledThreadPoolExecutor$ScheduledFutureTask.run(ScheduledThreadPoolExecutor.java:293)</trace>
          <trace>java.util.concurrent.ThreadPoolExecutor.runWorker(ThreadPoolExecutor.java:1142)</trace>
          <trace>java.util.concurrent.ThreadPoolExecutor$Worker.run(ThreadPoolExecutor.java:617)</trace>
          <trace>java.lang.Thread.run(Thread.java:745)</trace>
        </stackTrace>
        <suppressedExceptions class="java.util.Collections$UnmodifiableRandomAccessList" resolves-to="java.util.Collections$UnmodifiableList">
          <c class="list"/>
          <list reference="../c"/>
        </suppressedExceptions>
        <result>
          <name>ABORTED</name>
          <ordinal>4</ordinal>
          <color>ABORTED</color>
          <completeBuild>false</completeBuild>
        </result>
        <causes class="java.util.Arrays$ArrayList">
          <a class="jenkins.model.CauseOfInterruption-array">
            <org.jenkinsci.plugins.workflow.support.steps.input.Rejection plugin="pipeline-input-step@2.9">
              <userName>SYSTEM</userName>
              <timestamp>1547537049628</timestamp>
            </org.jenkinsci.plugins.workflow.support.steps.input.Rejection>
          </a>
        </causes>
      </error>
    </wf.a.ErrorAction>
  </actions>
</Tag>