<?xml version='1.1' encoding='UTF-8'?>
<Tag plugin="workflow-support@2.22">
  <node class="cps.n.StepStartNode" plugin="workflow-cps@2.61">
    <parentIds>
      <string>27</string>
    </parentIds>
    <id>28</id>
    <descriptorId>org.jenkinsci.plugins.workflow.steps.EnvStep</descriptorId>
  </node>
  <actions>
    <cps.a.ArgumentsActionImpl plugin="workflow-cps@2.61">
      <arguments>
        <entry>
          <string>overrides</string>
          <list>
            <wf.a.ArgumentsAction_-NotStoredReason>MASKED_VALUE</wf.a.ArgumentsAction_-NotStoredReason>
            <wf.a.ArgumentsAction_-NotStoredReason>MASKED_VALUE</wf.a.ArgumentsAction_-NotStoredReason>
            <wf.a.ArgumentsAction_-NotStoredReason>MASKED_VALUE</wf.a.ArgumentsAction_-NotStoredReason>
            <wf.a.ArgumentsAction_-NotStoredReason>MASKED_VALUE</wf.a.ArgumentsAction_-NotStoredReason>
            <wf.a.ArgumentsAction_-NotStoredReason>MASKED_VALUE</wf.a.ArgumentsAction_-NotStoredReason>
          </list>
        </entry>
      </arguments>
      <isUnmodifiedBySanitization>false</isUnmodifiedBySanitization>
    </cps.a.ArgumentsActionImpl>
    <wf.a.TimingAction plugin="workflow-api@2.33">
      <startTime>1547460616707</startTime>
    </wf.a.TimingAction>
  </actions>
</Tag>