<?xml version='1.1' encoding='UTF-8'?>
<Tag plugin="workflow-support@2.22">
  <node class="cps.n.StepStartNode" plugin="workflow-cps@2.61">
    <parentIds>
      <string>30</string>
    </parentIds>
    <id>31</id>
    <descriptorId>org.jenkinsci.plugins.workflow.steps.PushdStep</descriptorId>
  </node>
  <actions>
    <cps.a.ArgumentsActionImpl plugin="workflow-cps@2.61">
      <arguments>
        <entry>
          <string>path</string>
          <string>/Users/Shared/Jenkins/Home/workspace/ansible_master/terraform</string>
        </entry>
      </arguments>
      <isUnmodifiedBySanitization>true</isUnmodifiedBySanitization>
    </cps.a.ArgumentsActionImpl>
    <wf.a.TimingAction plugin="workflow-api@2.33">
      <startTime>1547460616732</startTime>
    </wf.a.TimingAction>
    <s.a.LogStorageAction/>
  </actions>
</Tag>