<?xml version='1.1' encoding='UTF-8'?>
<Tag plugin="workflow-support@2.22">
  <node class="cps.n.StepStartNode" plugin="workflow-cps@2.61">
    <parentIds>
      <string>20</string>
    </parentIds>
    <id>21</id>
    <descriptorId>org.jenkinsci.plugins.workflow.steps.EnvStep</descriptorId>
  </node>
  <actions>
    <wf.a.BodyInvocationAction plugin="workflow-api@2.33"/>
    <wf.a.TimingAction plugin="workflow-api@2.33">
      <startTime>1547464218324</startTime>
    </wf.a.TimingAction>
  </actions>
</Tag>