<?xml version='1.1' encoding='UTF-8'?>
<Tag plugin="workflow-support@2.22">
  <node class="cps.n.StepAtomNode" plugin="workflow-cps@2.61">
    <parentIds>
      <string>13</string>
    </parentIds>
    <id>14</id>
    <descriptorId>org.jenkinsci.plugins.workflow.steps.ToolStep</descriptorId>
  </node>
  <actions>
    <cps.a.ArgumentsActionImpl plugin="workflow-cps@2.61">
      <arguments>
        <entry>
          <string>name</string>
          <string>Maven-3.6.0</string>
        </entry>
        <entry>
          <string>type</string>
          <string>hudson.tasks.Maven$MavenInstallation</string>
        </entry>
      </arguments>
      <isUnmodifiedBySanitization>true</isUnmodifiedBySanitization>
    </cps.a.ArgumentsActionImpl>
    <wf.a.TimingAction plugin="workflow-api@2.33">
      <startTime>1547463327482</startTime>
    </wf.a.TimingAction>
    <s.a.LogStorageAction/>
  </actions>
</Tag>