<?xml version='1.1' encoding='UTF-8'?>
<Tag plugin="workflow-support@2.22">
  <node class="cps.n.StepStartNode" plugin="workflow-cps@2.61">
    <parentIds>
      <string>61</string>
    </parentIds>
    <id>62</id>
    <descriptorId>org.jenkinsci.plugins.workflow.support.steps.StageStep</descriptorId>
  </node>
  <actions>
    <wf.a.BodyInvocationAction plugin="workflow-api@2.33"/>
    <wf.a.LabelAction plugin="workflow-api@2.33">
      <displayName>Deploy</displayName>
    </wf.a.LabelAction>
    <wf.a.TimingAction plugin="workflow-api@2.33">
      <startTime>1547463329253</startTime>
    </wf.a.TimingAction>
    <wf.a.TagsAction plugin="workflow-api@2.33">
      <tags>
        <entry>
          <string>STAGE_STATUS</string>
          <string>SKIPPED_FOR_FAILURE</string>
        </entry>
      </tags>
    </wf.a.TagsAction>
  </actions>
</Tag>